{"item_id": 1769172544270, "title": "国家医疗保障局办公室关于进一步做好定点零售药店纳入门诊统筹管理的通知", "publish_date": "2023-02-15", "url": "https://www.nhsa.gov.cn/art/2023/2/15/art_104_10166.html", "data": {"category": "政策法规", "index": "2023-02-00004", "document_number": "医保办发〔2023〕4号", "crawled_at": "2026-01-23T20:49:10.087971"}}
{"item_id": 1769173209899, "title": "国家医疗保障局办公室关于印发《新冠治疗药品价格形成指引（试行）》的通知", "publish_date": "2023-01-06", "url": "https://www.nhsa.gov.cn/art/2023/1/6/art_104_9993.html", "data": {"category": "政策法规", "index": "2023-02-00001", "document_number": "医保办发〔2023〕2号", "crawled_at": "2026-01-23T21:00:22.038004"}}
{"item_id": 1769173223615, "title": "国家医保局 财政部 国家卫生健康委 国家疾控局关于实施 “乙类乙管”后优化新型冠状病毒感染患者治疗费用医疗保障相关政策的通知", "publish_date": "2023-01-07", "url": "https://www.nhsa.gov.cn/art/2023/1/7/art_104_9995.html", "data": {"category": "政策法规", "index": "2023-02-00002", "document_number": "医保发〔2023〕1号", "crawled_at": "2026-01-23T21:00:28.187185"}}
{"item_id": 1769173231064, "title": "国家知识产权局 国家医疗保障局关于加强医药集中采购领域知识产权保护的意见", "publish_date": "2022-12-30", "url": "https://www.nhsa.gov.cn/art/2022/12/30/art_104_9968.html", "data": {"category": "政策法规", "index": "2022-02-00030", "document_number": "国知发保字〔2022〕45号", "crawled_at": "2026-01-23T21:00:31.240759"}}
{"item_id": 1769173236966, "title": "国家医保局办公室 财政部办公厅关于印发《违法违规使用医疗保障基金举报奖励办法》的通知", "publish_date": "2022-11-25", "url": "https://www.nhsa.gov.cn/art/2022/11/25/art_104_9838.html", "data": {"category": "政策法规", "index": "2022-02-00028", "document_number": "医保办发〔2022〕22号", "crawled_at": "2026-01-23T21:00:44.190098"}}
{"item_id": 1769173246378, "title": "国家医疗保障局办公室关于开展全国统一医保信息平台支付方式管理子系统监测点建设工作的通知", "publish_date": "2022-09-09", "url": "https://www.nhsa.gov.cn/art/2022/9/9/art_104_9053.html", "data": {"category": "政策法规", "index": "2022-02-00027", "document_number": "医保办函〔2022〕44号", "crawled_at": "2026-01-23T21:00:52.191970"}}
{"item_id": 1769173254861, "title": "国家医疗保障局关于开展口腔种植医疗服务收费和耗材价格专项治理的通知", "publish_date": "2022-09-08", "url": "https://www.nhsa.gov.cn/art/2022/9/8/art_104_9041.html", "data": {"category": "政策法规", "index": "2022-02-00026", "document_number": "医保发〔2022〕27号", "crawled_at": "2026-01-23T21:00:55.797090"}}
{"item_id": 1769173257087, "title": "国家医疗保障局办公室关于印发医保中药配方颗粒统一编码规则和方法的通知", "publish_date": "2022-08-31", "url": "https://www.nhsa.gov.cn/art/2022/8/31/art_104_8934.html", "data": {"category": "政策法规", "index": "2022-02-00025", "document_number": "医保办函〔2022〕40号", "crawled_at": "2026-01-23T21:01:03.223395"}}
{"item_id": 1769173265209, "title": "关于进一步推进医养结合发展的指导意见", "publish_date": "2022-08-23", "url": "https://www.nhsa.gov.cn/art/2022/8/23/art_104_8878.html", "data": {"category": "政策法规", "index": "2022-02-00024", "document_number": "国卫老龄发〔2022〕25号", "crawled_at": "2026-01-23T21:01:05.367830"}}
{"item_id": 1769173267348, "title": "关于进一步完善和落实积极生育支持措施的指导意见", "publish_date": "2022-08-17", "url": "https://www.nhsa.gov.cn/art/2022/8/17/art_104_8860.html", "data": {"category": "政策法规", "index": "2022-02-00023", "document_number": "国卫人口发〔2022〕26号", "crawled_at": "2026-01-23T21:01:08.904220"}}
{"item_id": 1769173271868, "title": "国家医疗保障局办公室关于印发医保定点医疗机构药学、技术人员统一编码规则和方法的通知", "publish_date": "2022-08-09", "url": "https://www.nhsa.gov.cn/art/2022/8/9/art_104_8823.html", "data": {"category": "政策法规", "index": "2022-02-00022", "document_number": "医保办函〔2022〕39号", "crawled_at": "2026-01-23T21:01:14.593831"}}
